EconomicTimes|591978750792835073|2015-04-25 14:55:07|DoT to hold meetings to improve BSNL's performance http://t.co/3YVBM9zCZo
EconomicTimes|591975111973965827|2015-04-25 14:40:39|People clear rubble after #NepalQuake. The massive quake ripped through large parts of Nepal killing over 800 people http://t.co/JasFtPjcuw
EconomicTimes|591974979681550336|2015-04-25 14:40:08|Mobile users across India face temporary outage post #NepalQuake http://t.co/YMHnWjdP4a
EconomicTimes|591970453343719424|2015-04-25 14:22:09|People clear rubble in Kathmandu's Durbar Square, a UNESCO World Heritage site, that was damaged by the #NepalQuake http://t.co/zLmJBWkcuN
EconomicTimes|591970020869185537|2015-04-25 14:20:25|Comfort checks in! Railways to set up executive lounges at 50 major stations http://t.co/AbCnCng7fw
EconomicTimes|591969720368275456|2015-04-25 14:19:14|Heartfelt condolences to families of deceased; prayers for speedy recovery of injured on account of #NepalQuake: President Pranab Mukherjee
EconomicTimes|591969630236749824|2015-04-25 14:18:52|An excavator digs through the rubble after the #NepalQuake http://t.co/37NgeylJ4K
EconomicTimes|591969193651773440|2015-04-25 14:17:08|Call upon State Govts &amp; concerned agencies to take necessary steps to provide relief to those affected by #NepalQuake: President Mukherjee
EconomicTimes|591968680201814016|2015-04-25 14:15:06|India is committed to assist Govt of Nepal in every possible way in dealing with the situation: President Pranab Mukherjee on #NepalQuake
EconomicTimes|591968386927628288|2015-04-25 14:13:56|The scene at Hindan where C-17 a/c of IAF are being readied for take off #NepalQuake (Image: MoD) http://t.co/v9xFwZnfsk
EconomicTimes|591967904884719617|2015-04-25 14:12:01|One IL-76 a/c with 163 NDRF personnel, 5 sniffer dogs and 28 tons of load has taken off from Bhatinda to Kathmandu: MoD #NepalQuake
EconomicTimes|591967413551247360|2015-04-25 14:10:04|IAF Aircraft in Kathmandu with NDRF team and equipment #NepalQuake http://t.co/dphcwGUplq
EconomicTimes|591966174432382976|2015-04-25 14:05:08|Telecom operators warn of six-fold hike in data tariffs http://t.co/V0CI4sLYjO
EconomicTimes|591963207411064832|2015-04-25 13:53:21|Over 800 confirmed dead in #NepalQuake: Nepal police (AP)
EconomicTimes|591962715242962944|2015-04-25 13:51:24|Inside C-17 aircraft as it is being readied for take off for #Nepal with rescue personnel and load (Image: MoD) http://t.co/KCDhjBqh3i
EconomicTimes|591962073086562304|2015-04-25 13:48:51|One C-17 Globemaster III has just taken off carrying 96 NDRF personnel, 15 tonnes of load: MoD on #NepalQuake ops http://t.co/lckGIGHkoG
EconomicTimes|591961098057809921|2015-04-25 13:44:58|Aditya Ghosh, Indigo: We are willing to run extra planes to #Nepal
EconomicTimes|591960436175544320|2015-04-25 13:42:20|180 bodies retrieved from debris of Nepal's historic Dharahara tower #NepalQuake http://t.co/ckwZlGmjjz http://t.co/NMKLGJ0Ipz
EconomicTimes|591959430297587713|2015-04-25 13:38:20|#NepalQuake: Indian relief aircraft leaves for Nepal from Hindon Airbase (ANI) http://t.co/NW0sZHhbcb
EconomicTimes|591957093156036608|2015-04-25 13:29:03|Ravi Shankar Prasad: To ensure connectivity, BSNL will charge local rates on calls made to #Nepal for the next 3 days
EconomicTimes|591956248494362624|2015-04-25 13:25:42|IN PICS: #Nepal hit by powerful 7.9 magnitude earthquake; tremors felt across India http://t.co/gE8eI1OQof http://t.co/o8x8oFarZp
EconomicTimes|591956114964664320|2015-04-25 13:25:10|"PM Modi orders arrangements for evacuating stranded tourists from #Nepal http://t.co/VeKNSOzuZp 

Live coverage: http://t.co/GXVi884glg"
EconomicTimes|591955730510516224|2015-04-25 13:23:38|#NepalQuake: BSNL to charge local call rates from India to Nepal for the next 3 days (Times Now)
EconomicTimes|591955245690945536|2015-04-25 13:21:43|Nepal's pain is our pain, says PM Narendra Modi on #NepalQuake
EconomicTimes|591953472762683392|2015-04-25 13:14:40|Govt of India is monitoring the situation; we want to minimize loss of property &amp; life: Kiren Rijiju #NepalQuake http://t.co/FJZGduZ81i
EconomicTimes|591952958725627904|2015-04-25 13:12:37|Indians in Nepal should contact our mission in Kathmandu; all help will be provided to them:Sushma Swaraj #NepalQuake http://t.co/krSrNgzwbe
EconomicTimes|591952474392666112|2015-04-25 13:10:42|I&amp;B Minister, Govt of Nepal: Very grateful to the Govt of India for their help &amp; support #NepalQuake
EconomicTimes|591952236063891458|2015-04-25 13:09:45|I&amp;B Minister, Govt of Nepal: A lot still needs to be done in terms of rescue operations #NepalQuake
EconomicTimes|591951742016839680|2015-04-25 13:07:47|Jitender Singh: Panic has taken over north-east India following the #NepalQuake
EconomicTimes|591950496065298433|2015-04-25 13:02:50|Two MI-17 helicopters which had taken off from Gorakhpur for Nepal are returning due to bad weather, says principal spokesperson of MoD
EconomicTimes|591950228644827136|2015-04-25 13:01:47|IAF’s C-130J Super Hercules which just landed at K’mandu carried 39 NDRF personnel &amp; 3.5 tonnes of load, says principal spokesperson of MoD
EconomicTimes|591949867259301888|2015-04-25 13:00:20|#NepalQuake: India's first C-130J Superhercules rescue aircraft lands in Nepal http://t.co/1pLrEmi5r1
EconomicTimes|591949598236676099|2015-04-25 12:59:16|24 hour control room set up in MEA; Nepal thanks India for assistance #NepalQuake http://t.co/v6Mj9Z1xQd http://t.co/HISZ7DRhXm
EconomicTimes|591948934177652737|2015-04-25 12:56:38|Kiren Rijiju: Not getting into damage assessment right now; focus to be only on rescue measures #NepalQuake http://t.co/pmgz7iG4ww
EconomicTimes|591948097447690240|2015-04-25 12:53:18|Bihar government announces compensation of Rs 4 lakh to kin of deceased in #NepalQuake (ANI)
EconomicTimes|591947828110303232|2015-04-25 12:52:14|India on the job: NDRF personnel, crack medical team with relief rushed to #Nepal http://t.co/RIhWtcGduW http://t.co/V6OcND2Zzq
EconomicTimes|591947365654929408|2015-04-25 12:50:24|PM Modi has monitored the situation that arose due to #NepalQuake and has assured help for Bihar: Rajiv Pratap Rudy (ANI)
EconomicTimes|591946346820571136|2015-04-25 12:46:21|Hindon Air Force Station: NDRF teams and relief material being sent to Kathmandu #NepalQuake http://t.co/f5cQIH3LTI
EconomicTimes|591946096156475392|2015-04-25 12:45:21|"#NepalQuake: 34 dead, over 100 injured in India http://t.co/K5MfwSLNSa 

Catch the live coverage here: http://t.co/WgqJ2pj2bC"
EconomicTimes|591945382097092608|2015-04-25 12:42:31|Here is a list of the world's strongest earthquakes since 1900 #NepalQuake http://t.co/nrI9gGx3Eg http://t.co/Tx1XAdSR8y
EconomicTimes|591944744948883456|2015-04-25 12:39:59|A second IAF aircraft bound for quake-hit #Nepal takes off
EconomicTimes|591944485350735872|2015-04-25 12:38:57|#NepalQuake: NDRF teams and relief material being sent to Kathmandu http://t.co/abiQ6t5XIt
EconomicTimes|591942963548172288|2015-04-25 12:32:54|#NepalQuake death toll reaches 758: Nepal Home Ministry official http://t.co/B8J4zJnXWl
EconomicTimes|591942372025569280|2015-04-25 12:30:33|125 people from Maharashtra and Telangana stuck in #Nepal http://t.co/NVF9mENj5P
EconomicTimes|591942200159764481|2015-04-25 12:29:52|Ex gratia shall be given to families of those who have lost their lives in the #NepalQuake: LC Goyal, Union Home Secretary
EconomicTimes|591942022392590336|2015-04-25 12:29:10|#NepalQuake: Army Chief Gen Dalbir Singh is in touch with his Nepalese counterpart, says Manohar Parrikar (PTI)
EconomicTimes|591941791055618048|2015-04-25 12:28:15|34 deaths so far in India due to #NepalQuake, says Union Home Secretary L C Goyal http://t.co/jYTi2seHBX
EconomicTimes|591941235381665792|2015-04-25 12:26:02|Death toll until now is 3 in West Bengal, 8 in UP and 23 in Bihar: Home Secretary LC Goyal on #NepalQuake http://t.co/X1DhltfbDG
EconomicTimes|591941044876476416|2015-04-25 12:25:17|#NepalQuake: We have mobilised all resources to support Nepal in the wake of the devastating earthquake, says Manohar Parrikar (PTI)
EconomicTimes|591940758237683712|2015-04-25 12:24:09|Home Secretary L C Goyal: Focus to be on rescue; damage assessment not priority as of now #NepalQuake http://t.co/hnBg7naHgw
EconomicTimes|591940694211764224|2015-04-25 12:23:53|Home Secretary L C Goyal: We have also set up a control room for inter-ministerial coordination #NepalQuake
EconomicTimes|591940656035139584|2015-04-25 12:23:44|Home Secretary L C Goyal: We have already sent 5 teams to Nepal for rescue operations #NepalQuake
EconomicTimes|591938561932427264|2015-04-25 12:15:25|Devendra Fadnavis takes steps to help Maharashtra tourists in Nepal http://t.co/y3NMDgR2BH
EconomicTimes|591937093028290561|2015-04-25 12:09:35|Nepal govt has asked India for help with respect to rescue &amp; medical teams: S Jaishankar on #NepalQuake http://t.co/xvq1389wMa
EconomicTimes|591936504102006784|2015-04-25 12:07:14|#NepalQuake: Prime Minister Narendra Modi talks to Nepal PM Sushil Koirala, assures all help http://t.co/Z2XxrbgYWR
EconomicTimes|591936188795129856|2015-04-25 12:05:59|Nepal govt has confirmed that death toll in #NepalQuake has risen to 688 http://t.co/SZd2QxzKDX
EconomicTimes|591935376102662145|2015-04-25 12:02:45|We have set up a help line and an email ID - controlroom@mea.gov.in - for any info: S Jaishankar on #NepalQuake
EconomicTimes|591934767429476353|2015-04-25 12:00:20|There are a lot of Indians in and around Kathmandu who are in a difficult situation: Foreign Secy S Jaishankar on #NepalQuake
EconomicTimes|591934757337989120|2015-04-25 12:00:18|#Avalanche sweeps #MountEverest in #Nepal, 30 hurt http://t.co/rYbTy7K6tW
EconomicTimes|591934538109956097|2015-04-25 11:59:26|Two more aircrafts  carrying NDRF teams will fly out later this day: Jaishankar on #NepalQuake http://t.co/1VxN9np6q3
EconomicTimes|591934105648025600|2015-04-25 11:57:43|We expect a total of 4 aircrafts to be landing in Kathmandu, says Foreign Secretary S Jaishankar #NepalQuake
EconomicTimes|591933966543904770|2015-04-25 11:57:09|Foreign Secretary S Jaishankar: PM Narendra Modi has spoken to both the President and PM of #Nepal
EconomicTimes|591933623965650944|2015-04-25 11:55:48|Foreign Secy S Jaishankar: We will have 5 helicopters positioned in Kathmandu as part of our rescue ops #NepalQuake http://t.co/X1dsk8qOWl
EconomicTimes|591933150680522752|2015-04-25 11:53:55|Foreign Secretary S Jaishankar: We have already started rescue efforts for the #NepalQuake
EconomicTimes|591932300767547392|2015-04-25 11:50:32|#NepalQuake toll crosses 600 (Reuters) http://t.co/s8iP5BFRGy
EconomicTimes|591930984024690688|2015-04-25 11:45:18|Unfair to target Parrikar over absconding ex-Minister: Laxmikant Parsekar, Goa CM http://t.co/yoBNG98iq2
EconomicTimes|591927226662256640|2015-04-25 11:30:22|Al-Qaeda, allies overrun Syria government holdout in Idlib http://t.co/ku2ZqONr8k
EconomicTimes|591927170844393472|2015-04-25 11:30:09|#NepalQuake: Nepal National Operation Centre emergency number: +977-420-0257
EconomicTimes|591926898923442176|2015-04-25 11:29:04|6 dead in UP, CM announces relief #NepalQuake
EconomicTimes|591926422718971904|2015-04-25 11:27:11|High level meeting on #NepalQuake chaired by PM Modi at 7 RCR, Foreign Secy S Jaishankar also present http://t.co/KPXM0TLBej
EconomicTimes|591925206165389313|2015-04-25 11:22:21|India on the job: MEA sets up 24-hr control room, 2 IAF relief planes sent to Nepal http://t.co/OVMNsP8519 #NepalQuake
EconomicTimes|591923433946095616|2015-04-25 11:15:18|Violence mars Bengal civic polls: One shot dead, one injured http://t.co/5ZvYA6yGFx
EconomicTimes|591922712127283200|2015-04-25 11:12:26|Three people died in north Bengal. 30 people injured all over the state until now: Mamata Banerjee
EconomicTimes|591922545315614721|2015-04-25 11:11:46|Nearly 125 Indians stranded in Nepal
EconomicTimes|591922311252455425|2015-04-25 11:10:51|People work to rescue trapped people inside a temple in Bashantapur Durbar Square in Kathmandu #NepalQuake http://t.co/2yQaNKH0gy
EconomicTimes|591921891834601472|2015-04-25 11:09:11|More pictures of #NepalQuake; rescue operations in full swing http://t.co/ViSNZ4GPDb
EconomicTimes|591920897256083457|2015-04-25 11:05:13|Rescue workers remove debris at Durbar Square #NepalQuake http://t.co/mmnv1JbffE
EconomicTimes|591919828115546112|2015-04-25 11:00:59|#Google says sorry for 'Map spam' on #Apple logo http://t.co/QZJfJUiNNq
EconomicTimes|591918772027461634|2015-04-25 10:56:47|Volunteers work to remove debris at the historic Dharahara tower, after the earthquake in Kathmandu (AP) #NepalQuake http://t.co/BhOSraEscg
EconomicTimes|591918045473308673|2015-04-25 10:53:54|People walk past a building that was damaged in Kathmandu (AP) #NepalQuake http://t.co/bAgjZQqhN4
EconomicTimes|591917752262078465|2015-04-25 10:52:44|#NepalQuake: 4 NDRF teams have moved for Northern Bihar, Muzaffarpur, Darbhanga, Supaul and Gopalganj (ANI)
EconomicTimes|591917379094913024|2015-04-25 10:51:15|#NepalQuake: An IL-76 a/c of IAF will leave at 1800 hr for Kathmandu from Bhatinda carrying NDRF teams: MoD Spokesperson
EconomicTimes|591917207761747968|2015-04-25 10:50:34|One C-17 Globemaster III will fly later this A/N from Hindan to Kathmandu carrying Rapid Reaction Aero-Medical Team: MoD Spokesperson
EconomicTimes|591916806463324163|2015-04-25 10:48:58|#NepalQuake death toll rises to 449: Police (Reuters)
EconomicTimes|591916070342004736|2015-04-25 10:46:03|People survey a site damaged by an earthquake in Kathmandu #NepalQuake (Reuters) http://t.co/9ruqlIZEpg
EconomicTimes|591915860446605312|2015-04-25 10:45:13|Iran's dependence on oil hitting record low: President Hassan Rouhani http://t.co/Be2gPcL8KU
EconomicTimes|591914248457977856|2015-04-25 10:38:48|NDRF teams have been sent to affected areas: Home Minister
EconomicTimes|591913300713021440|2015-04-25 10:35:02|A car stands under the weight of an electric pole after it collapsed following #NepalQuake (AP) http://t.co/BxxaaJnt2b
EconomicTimes|591912190560575488|2015-04-25 10:30:38|World's strongest earthquakes since 1900 http://t.co/Vd4kcUneC7
EconomicTimes|591912176245481473|2015-04-25 10:30:34|ADB constructing and upgrading over 31,000 km of rural roads http://t.co/hpwMaRdzq3
EconomicTimes|591911950289924096|2015-04-25 10:29:40|First C130 Aircraft already airborne with 45 personnel and 4 tonnes of rescue material, second aircraft to take off shortly #NepalQuake
EconomicTimes|591911760661061632|2015-04-25 10:28:55|There are reports of 10-12 casualties in some states but we are awaiting confirmation. Damage to property also reported: Rajnath Singh.
EconomicTimes|591911513788583936|2015-04-25 10:27:56|#NepalQuake: More than 150 killed
EconomicTimes|591911370137833472|2015-04-25 10:27:22|Emergency #earthquake control room for #Bengal has been set up. The number is 1070: Mamata Banerjee
EconomicTimes|591911174737768448|2015-04-25 10:26:35|India sends help: NDRF personnel board C-130J aircraft which has been sent for rescue operations #NepalQuake http://t.co/YfYgtVG5CZ
EconomicTimes|591910915529773056|2015-04-25 10:25:34|Situation in Madhya Pradesh is stable. We have released directions in case more tremors are felt: Shivraj Singh Chouhan #NepalQuake
EconomicTimes|591910376083591168|2015-04-25 10:23:25|Old walls of Indian Embassy in Nepal collapse #NepalQuake
EconomicTimes|591910277651697664|2015-04-25 10:23:02|Latest visuals: IAF's C-130 J on way to Nepal for rescue operations http://t.co/rmW17VEPPO
EconomicTimes|591910091420381186|2015-04-25 10:22:17|Rescuers help injured residents to get to safe area #NepalQuake http://t.co/MIjngi63nt
EconomicTimes|591909442041548800|2015-04-25 10:19:42|MoD puts Indian Army, BRO and IAF assets on standby for any task in view of the earthquake: Sitanshu Kar, MoD Principal Spokesperson
